"";"Test.Base.1";"Test.Base.2";"Test.Base.3";"Test.Base.4";"Test.Base.5";"moyenne"
"random_unif";3.89793287882303;3.8853115101802;3.95793629980875;3.93276457708774;3.96278460214814;3.927
"meanOfBooks";1.75897938493808;1.78065415971638;NA;1.76409811055499;1.7867346876886;1.773
"meanOfUsers";1.76167946540292;1.78260319503803;1.77820677453043;1.7675604237118;1.78892295906859;1.776
"mean";1.75890411998997;1.78072822404322;1.77307654984891;1.76373375350008;1.78663580034211;1.773
"meanByUser";1.70522939575355;1.71517128687823;1.71417782364475;1.70078618277486;1.7320387197162;1.713
"meanByBook";1.71196126634148;1.72805921415203;1.81987225255946;1.71784332903738;1.75220156561937;1.746
